<?xml version="1.0" encoding="UTF-8"?>
<project-private xmlns="http://www.netbeans.org/ns/project-private/1">
    <editor-bookmarks xmlns="http://www.netbeans.org/ns/editor-bookmarks/2" lastBookmarkId="0"/>
    <open-files xmlns="http://www.netbeans.org/ns/projectui-open-files/2">
        <group>
            <file>file:/C:/Users/admin/Documents/NetBeansProjects/assignment15/src/java/com/myapp/struts/loginbean.java</file>
            <file>file:/C:/Users/admin/Documents/NetBeansProjects/assignment15/web/welcomeStruts.jsp</file>
            <file>file:/C:/Users/admin/Documents/NetBeansProjects/assignment15/web/login.jsp</file>
            <file>file:/C:/Users/admin/Documents/NetBeansProjects/assignment15/web/WEB-INF/struts-config.xml</file>
            <file>file:/C:/Users/admin/Documents/NetBeansProjects/assignment15/web/sucess.jsp</file>
            <file>file:/C:/Users/admin/Documents/NetBeansProjects/assignment15/web/failure.jsp</file>
        </group>
    </open-files>
</project-private>
